sampleid,env_broad_scale,env_local_scale,prey,primary_site
SRR17153933,Tumor Mycobiome,Breast tumor,Tumor,2
SRR17153937,Tumor Mycobiome,Breast tumor,Tumor,2
SRR17153938,Tumor Mycobiome,Breast tumor,Tumor,2
SRR17153939,Tumor Mycobiome,Breast tumor,Tumor,2
SRR17153940,Tumor Mycobiome,Breast tumor,Tumor,2
SRR17153941,Tumor Mycobiome,Breast tumor,Tumor,2
SRR17153943,Tumor Mycobiome,Breast tumor,Tumor,2
SRR17153944,Tumor Mycobiome,Breast tumor,Tumor,2
SRR17153945,Tumor Mycobiome,Breast tumor,Tumor,2
SRR17153946,Tumor Mycobiome,Breast tumor,Tumor,2
SRR17153947,Tumor Mycobiome,Breast tumor,Tumor,2
SRR17153948,Tumor Mycobiome,Breast tumor,Tumor,2
SRR17153950,Tumor Mycobiome,Breast tumor,Tumor,2
SRR17153951,Tumor Mycobiome,Breast tumor,Tumor,2
SRR17153952,Tumor Mycobiome,Breast tumor,Tumor,2
SRR17153953,Tumor Mycobiome,Breast tumor,Tumor,2
SRR17153954,Tumor Mycobiome,Breast tumor,Tumor,2
SRR17153956,Tumor Mycobiome,Breast tumor,Tumor,2
SRR17153957,Tumor Mycobiome,Breast tumor,Tumor,2
SRR17153958,Tumor Mycobiome,Breast tumor,Tumor,2
SRR17153959,Tumor Mycobiome,Breast tumor,Tumor,2
SRR17153960,Tumor Mycobiome,Breast tumor,Tumor,2
SRR17153961,Tumor Mycobiome,Breast tumor,Tumor,2
SRR17153962,Tumor Mycobiome,Breast tumor,Tumor,2
SRR17153963,Tumor Mycobiome,Breast tumor,Tumor,2
SRR17153965,Tumor Mycobiome,Breast tumor,Tumor,2
SRR17153966,Tumor Mycobiome,Breast NAT,NAT,2
SRR17153968,Tumor Mycobiome,Breast tumor,Tumor,2
SRR17153969,Tumor Mycobiome,Breast NAT,NAT,2
SRR17153971,Tumor Mycobiome,Breast NAT,NAT,2
SRR17153972,Tumor Mycobiome,Breast tumor,Tumor,2
SRR17153973,Tumor Mycobiome,Breast NAT,NAT,2
SRR17153974,Tumor Mycobiome,Breast tumor,Tumor,2
SRR17153975,Tumor Mycobiome,Breast tumor,Tumor,2
SRR17153976,Tumor Mycobiome,Breast NAT,NAT,2
SRR17153977,Tumor Mycobiome,Breast tumor,Tumor,2
SRR17153978,Tumor Mycobiome,Breast NAT,NAT,2
SRR17153979,Tumor Mycobiome,Breast tumor,Tumor,2
SRR17153980,Tumor Mycobiome,Breast NAT,NAT,2
SRR17153981,Tumor Mycobiome,Breast tumor,Tumor,2
SRR17153982,Tumor Mycobiome,Breast NAT,NAT,2
SRR17153984,Tumor Mycobiome,Breast tumor,Tumor,2
SRR17153985,Tumor Mycobiome,Breast NAT,NAT,2
SRR17153986,Tumor Mycobiome,Breast tumor,Tumor,2
SRR17153987,Tumor Mycobiome,Breast tumor,Tumor,2
SRR17153988,Tumor Mycobiome,Breast NAT,NAT,2
SRR17153989,Tumor Mycobiome,Breast tumor,Tumor,2
SRR17153990,Tumor Mycobiome,Breast NAT,NAT,2
SRR17153992,Tumor Mycobiome,Breast NAT,NAT,2
SRR17153993,Tumor Mycobiome,Breast NAT,NAT,2
SRR17153994,Tumor Mycobiome,Breast tumor,Tumor,2
SRR17153995,Tumor Mycobiome,Breast NAT,NAT,2
SRR17153996,Tumor Mycobiome,Breast NAT,NAT,2
SRR17153997,Tumor Mycobiome,Breast NAT,NAT,2
SRR17153998,Tumor Mycobiome,Breast tumor,Tumor,2
SRR17153999,Tumor Mycobiome,Breast tumor,Tumor,2
SRR17154000,Tumor Mycobiome,Breast tumor,Tumor,2
SRR17154002,Tumor Mycobiome,Breast NAT,NAT,2
SRR17154004,Tumor Mycobiome,Breast tumor,Tumor,2
SRR17154006,Tumor Mycobiome,Breast NAT,NAT,2
SRR17154007,Tumor Mycobiome,Breast tumor,Tumor,2
SRR17154008,Tumor Mycobiome,Breast NAT,NAT,2
SRR17154010,Tumor Mycobiome,Breast tumor,Tumor,2
SRR17154011,Tumor Mycobiome,Breast NAT,NAT,2
SRR17154013,Tumor Mycobiome,Breast tumor,Tumor,2
SRR17154014,Tumor Mycobiome,Breast NAT,NAT,2
SRR17154015,Tumor Mycobiome,Breast tumor,Tumor,2
SRR17154017,Tumor Mycobiome,Breast NAT,NAT,2
SRR17154018,Tumor Mycobiome,Breast tumor,Tumor,2
SRR17154019,Tumor Mycobiome,Breast NAT,NAT,2
SRR17154020,Tumor Mycobiome,Breast tumor,Tumor,2
SRR17154021,Tumor Mycobiome,Breast NAT,NAT,2
SRR17154022,Tumor Mycobiome,Breast tumor,Tumor,2
SRR17154023,Tumor Mycobiome,Breast tumor,Tumor,2
SRR17154024,Tumor Mycobiome,Breast NAT,NAT,2
SRR17154025,Tumor Mycobiome,Breast tumor,Tumor,2
SRR17154026,Tumor Mycobiome,Breast NAT,NAT,2
SRR17154027,Tumor Mycobiome,Breast tumor,Tumor,2
SRR17154028,Tumor Mycobiome,Breast tumor,Tumor,2
SRR17154030,Tumor Mycobiome,Breast NAT,NAT,2
SRR17154031,Tumor Mycobiome,Breast tumor,Tumor,2
SRR17154032,Tumor Mycobiome,Breast NAT,NAT,2
SRR17154034,Tumor Mycobiome,Breast tumor,Tumor,2
SRR17154035,Tumor Mycobiome,Breast tumor,Tumor,2
SRR17154036,Tumor Mycobiome,Breast NAT,NAT,2
SRR17154037,Tumor Mycobiome,Breast tumor,Tumor,2
SRR17154038,Tumor Mycobiome,Breast NAT,NAT,2
SRR17154039,Tumor Mycobiome,Breast NAT,NAT,2
SRR17154040,Tumor Mycobiome,Breast NAT,NAT,2
SRR17154041,Tumor Mycobiome,Breast tumor,Tumor,2
SRR17154042,Tumor Mycobiome,Breast tumor,Tumor,2
SRR17154043,Tumor Mycobiome,Breast tumor,Tumor,2
SRR17154044,Tumor Mycobiome,Breast tumor,Tumor,2
SRR17154046,Tumor Mycobiome,Breast tumor,Tumor,2
SRR17154047,Tumor Mycobiome,Breast tumor,Tumor,2
SRR17154048,Tumor Mycobiome,Breast tumor,Tumor,2
SRR17154049,Tumor Mycobiome,Breast NAT,NAT,2
SRR17154050,Tumor Mycobiome,Breast NAT,NAT,2
SRR17154051,Tumor Mycobiome,Breast NAT,NAT,2
SRR17154052,Tumor Mycobiome,Breast NAT,NAT,2
SRR17154053,Tumor Mycobiome,Breast tumor,Tumor,2
SRR17154054,Tumor Mycobiome,Breast NAT,NAT,2
SRR17154055,Tumor Mycobiome,Breast NAT,NAT,2
SRR17154057,Tumor Mycobiome,Breast NAT,NAT,2
SRR17154058,Tumor Mycobiome,Breast tumor,Tumor,2
SRR17154059,Tumor Mycobiome,Breast tumor,Tumor,2
SRR17154060,Tumor Mycobiome,Breast tumor,Tumor,2
SRR17154061,Tumor Mycobiome,Breast NAT,NAT,2
SRR17154062,Tumor Mycobiome,Breast tumor,Tumor,2
SRR17154064,Tumor Mycobiome,Breast tumor,Tumor,2
SRR17154065,Tumor Mycobiome,Breast NAT,NAT,2
SRR17154066,Tumor Mycobiome,Breast tumor,Tumor,2
SRR17154067,Tumor Mycobiome,Breast tumor,Tumor,2
SRR17154068,Tumor Mycobiome,Breast NAT,NAT,2
SRR17154069,Tumor Mycobiome,Breast tumor,Tumor,2
SRR17154071,Tumor Mycobiome,Breast NAT,NAT,2
SRR17154072,Tumor Mycobiome,Breast tumor,Tumor,2
SRR17154073,Tumor Mycobiome,Breast NAT,NAT,2
SRR17154074,Tumor Mycobiome,Breast tumor,Tumor,2
SRR17154075,Tumor Mycobiome,Breast NAT,NAT,2
SRR17154077,Tumor Mycobiome,Breast tumor,Tumor,2
SRR17154078,Tumor Mycobiome,Breast tumor,Tumor,2
SRR17154079,Tumor Mycobiome,Breast NAT,NAT,2
SRR17154080,Tumor Mycobiome,Breast NAT,NAT,2
SRR17154081,Tumor Mycobiome,Breast NAT,NAT,2
SRR17154082,Tumor Mycobiome,Breast tumor,Tumor,2
SRR17154083,Tumor Mycobiome,Breast tumor,Tumor,2
SRR17154084,Tumor Mycobiome,Breast tumor,Tumor,2
SRR17154085,Tumor Mycobiome,Breast NAT,NAT,2
SRR17154086,Tumor Mycobiome,Breast tumor,Tumor,2
SRR17154087,Tumor Mycobiome,Breast tumor,Tumor,2
SRR17154099,Tumor Mycobiome,Breast tumor,Tumor,2
SRR17154142,Tumor Mycobiome,Breast tumor,Tumor,2
SRR17154143,Tumor Mycobiome,Breast tumor,Tumor,2
SRR17154147,Tumor Mycobiome,Breast tumor,Tumor,2
SRR17154148,Tumor Mycobiome,Breast tumor,Tumor,2
SRR17154149,Tumor Mycobiome,Breast tumor,Tumor,2
SRR17154153,Tumor Mycobiome,Breast NAT,NAT,2
SRR17154154,Tumor Mycobiome,Breast tumor,Tumor,2
SRR17154155,Tumor Mycobiome,Breast tumor,Tumor,2
SRR17154156,Tumor Mycobiome,Breast tumor,Tumor,2
SRR17154157,Tumor Mycobiome,Breast NAT,NAT,2
SRR17154159,Tumor Mycobiome,Breast tumor,Tumor,2
SRR17154160,Tumor Mycobiome,Breast tumor,Tumor,2
SRR17154161,Tumor Mycobiome,Breast tumor,Tumor,2
SRR17154162,Tumor Mycobiome,Breast NAT,NAT,2
SRR17154164,Tumor Mycobiome,Breast NAT,NAT,2
SRR17154165,Tumor Mycobiome,Breast tumor,Tumor,2
SRR17154166,Tumor Mycobiome,Breast tumor,Tumor,2
SRR17154167,Tumor Mycobiome,Breast NAT,NAT,2
SRR17154168,Tumor Mycobiome,Breast NAT,NAT,2
SRR17154171,Tumor Mycobiome,Breast tumor,Tumor,2
SRR17154172,Tumor Mycobiome,Breast NAT,NAT,2
SRR17154173,Tumor Mycobiome,Breast tumor,Tumor,2
SRR17154175,Tumor Mycobiome,Breast NAT,NAT,2
SRR17154176,Tumor Mycobiome,Breast tumor,Tumor,2
SRR17154177,Tumor Mycobiome,Breast tumor,Tumor,2
SRR17154179,Tumor Mycobiome,Breast NAT,NAT,2
SRR17154180,Tumor Mycobiome,Breast NAT,NAT,2
SRR17154181,Tumor Mycobiome,Breast tumor,Tumor,2
SRR17154182,Tumor Mycobiome,Breast tumor,Tumor,2
SRR17154183,Tumor Mycobiome,Breast NAT,NAT,2
SRR17154184,Tumor Mycobiome,Breast NAT,NAT,2
SRR17154186,Tumor Mycobiome,Breast tumor,Tumor,2
SRR17154187,Tumor Mycobiome,Breast NAT,NAT,2
SRR17154188,Tumor Mycobiome,Breast tumor,Tumor,2
SRR17154189,Tumor Mycobiome,Breast NAT,NAT,2
SRR17154190,Tumor Mycobiome,Breast tumor,Tumor,2
SRR17154191,Tumor Mycobiome,Breast NAT,NAT,2
SRR17154192,Tumor Mycobiome,Breast tumor,Tumor,2
SRR17154194,Tumor Mycobiome,Breast NAT,NAT,2
SRR17154195,Tumor Mycobiome,Breast tumor,Tumor,2
SRR17154196,Tumor Mycobiome,Breast tumor,Tumor,2
SRR17154197,Tumor Mycobiome,Breast NAT,NAT,2
SRR17154198,Tumor Mycobiome,Breast tumor,Tumor,2
SRR17154199,Tumor Mycobiome,Breast tumor,Tumor,2
SRR17154200,Tumor Mycobiome,Breast tumor,Tumor,2
SRR17154201,Tumor Mycobiome,Breast NAT,NAT,2
SRR17154202,Tumor Mycobiome,Breast NAT,NAT,2
SRR17154203,Tumor Mycobiome,Breast NAT,NAT,2
SRR17154205,Tumor Mycobiome,Breast tumor,Tumor,2
SRR17154206,Tumor Mycobiome,Breast tumor,Tumor,2
SRR17154207,Tumor Mycobiome,Breast tumor,Tumor,2
SRR17154208,Tumor Mycobiome,Breast tumor,Tumor,2
SRR17154209,Tumor Mycobiome,Breast NAT,NAT,2
SRR17154210,Tumor Mycobiome,Breast NAT,NAT,2
SRR17154211,Tumor Mycobiome,Breast NAT,NAT,2
SRR17154212,Tumor Mycobiome,Breast NAT,NAT,2
SRR17154213,Tumor Mycobiome,Breast NAT,NAT,2
SRR17154214,Tumor Mycobiome,Breast NAT,NAT,2
SRR17154215,Tumor Mycobiome,Breast tumor,Tumor,2
SRR17154224,Tumor Mycobiome,Breast tumor,Tumor,2
SRR17154235,Tumor Mycobiome,Breast tumor,Tumor,2
SRR17154256,Tumor Mycobiome,Breast NAT,NAT,2
SRR17154257,Tumor Mycobiome,Breast tumor,Tumor,2
SRR17154258,Tumor Mycobiome,Breast NAT,NAT,2
SRR17154259,Tumor Mycobiome,Breast tumor,Tumor,2
SRR17154260,Tumor Mycobiome,Breast NAT,NAT,2
SRR17154261,Tumor Mycobiome,Breast tumor,Tumor,2
SRR17154264,Tumor Mycobiome,Breast tumor,Tumor,2
SRR17154265,Tumor Mycobiome,Breast tumor,Tumor,2
SRR17154266,Tumor Mycobiome,Breast tumor,Tumor,2
SRR17154267,Tumor Mycobiome,Breast tumor,Tumor,2
SRR17154268,Tumor Mycobiome,Breast tumor,Tumor,2
SRR17154269,Tumor Mycobiome,Breast tumor,Tumor,2
SRR17154271,Tumor Mycobiome,Breast tumor,Tumor,2
SRR17154272,Tumor Mycobiome,Breast tumor,Tumor,2
SRR17154273,Tumor Mycobiome,Breast tumor,Tumor,2
SRR17154274,Tumor Mycobiome,Breast tumor,Tumor,2
SRR17154275,Tumor Mycobiome,Breast tumor,Tumor,2
SRR17154276,Tumor Mycobiome,Breast tumor,Tumor,2
SRR17154277,Tumor Mycobiome,Breast tumor,Tumor,2
SRR17154278,Tumor Mycobiome,Breast tumor,Tumor,2
SRR17154279,Tumor Mycobiome,Breast tumor,Tumor,2
SRR17154280,Tumor Mycobiome,Breast tumor,Tumor,2
SRR17154281,Tumor Mycobiome,Breast tumor,Tumor,2
SRR17154284,Tumor Mycobiome,Breast tumor,Tumor,2
SRR17154285,Tumor Mycobiome,Breast tumor,Tumor,2
SRR17154286,Tumor Mycobiome,Breast tumor,Tumor,2
SRR17154287,Tumor Mycobiome,Breast tumor,Tumor,2
SRR17154288,Tumor Mycobiome,Breast tumor,Tumor,2
SRR17154296,Tumor Mycobiome,Breast tumor,Tumor,2
SRR17154297,Tumor Mycobiome,Breast NAT,NAT,2
SRR17154298,Tumor Mycobiome,Breast tumor,Tumor,2
SRR17154299,Tumor Mycobiome,Breast NAT,NAT,2
SRR17154301,Tumor Mycobiome,Breast tumor,Tumor,2
SRR17154302,Tumor Mycobiome,Breast tumor,Tumor,2
SRR17154303,Tumor Mycobiome,Breast NAT,NAT,2
SRR17154304,Tumor Mycobiome,Breast tumor,Tumor,2
SRR17154305,Tumor Mycobiome,Breast NAT,NAT,2
SRR17154306,Tumor Mycobiome,Breast tumor,Tumor,2
SRR17154311,Tumor Mycobiome,Breast NAT,NAT,2
SRR17154313,Tumor Mycobiome,Breast tumor,Tumor,2
SRR17154314,Tumor Mycobiome,Breast NAT,NAT,2
SRR17154315,Tumor Mycobiome,Breast tumor,Tumor,2
SRR17154316,Tumor Mycobiome,Breast NAT,NAT,2
SRR17154317,Tumor Mycobiome,Breast tumor,Tumor,2
SRR17154318,Tumor Mycobiome,Breast NAT,NAT,2
SRR17154319,Tumor Mycobiome,Breast tumor,Tumor,2
SRR17154320,Tumor Mycobiome,Breast tumor,Tumor,2
SRR17154321,Tumor Mycobiome,Breast tumor,Tumor,2
SRR17154330,Tumor Mycobiome,Breast NAT,NAT,2
SRR17154331,Tumor Mycobiome,Breast tumor,Tumor,2
SRR17154332,Tumor Mycobiome,Breast NAT,NAT,2
SRR17154333,Tumor Mycobiome,Breast tumor,Tumor,2
SRR17154335,Tumor Mycobiome,Breast NAT,NAT,2
SRR17154337,Tumor Mycobiome,Breast tumor,Tumor,2
SRR17154338,Tumor Mycobiome,Breast NAT,NAT,2
SRR17154340,Tumor Mycobiome,Breast tumor,Tumor,2
SRR17154341,Tumor Mycobiome,Breast tumor,Tumor,2
SRR17154356,Tumor Mycobiome,Breast tumor,Tumor,2
SRR17154390,Tumor Mycobiome,Breast tumor,Tumor,2
SRR17154391,Tumor Mycobiome,Breast tumor,Tumor,2
SRR17154392,Tumor Mycobiome,Breast NAT,NAT,2
SRR17154395,Tumor Mycobiome,Breast tumor,Tumor,2
SRR17154396,Tumor Mycobiome,Breast NAT,NAT,2
SRR17154397,Tumor Mycobiome,Breast tumor,Tumor,2
SRR17154398,Tumor Mycobiome,Breast tumor,Tumor,2
SRR17154399,Tumor Mycobiome,Breast NAT,NAT,2
SRR17154400,Tumor Mycobiome,Breast tumor,Tumor,2
SRR17154403,Tumor Mycobiome,Breast NAT,NAT,2
SRR17154404,Tumor Mycobiome,Breast tumor,Tumor,2
SRR17154406,Tumor Mycobiome,Breast tumor,Tumor,2
SRR17154407,Tumor Mycobiome,Breast NAT,NAT,2
SRR17154408,Tumor Mycobiome,Breast NAT,NAT,2
SRR17154409,Tumor Mycobiome,Breast NAT,NAT,2
SRR17154410,Tumor Mycobiome,Breast tumor,Tumor,2
SRR17154411,Tumor Mycobiome,Breast tumor,Tumor,2
SRR17154412,Tumor Mycobiome,Breast tumor,Tumor,2
SRR17154522,Tumor Mycobiome,Breast tumor,Tumor,2
SRR17154523,Tumor Mycobiome,Breast NAT,NAT,2
SRR17154524,Tumor Mycobiome,Breast tumor,Tumor,2
SRR17154525,Tumor Mycobiome,Breast NAT,NAT,2
SRR17154530,Tumor Mycobiome,Breast tumor,Tumor,2
SRR17154563,Tumor Mycobiome,Breast tumor,Tumor,2
SRR17154573,Tumor Mycobiome,Breast tumor,Tumor,2
SRR17154574,Tumor Mycobiome,Breast tumor,Tumor,2
SRR17154575,Tumor Mycobiome,Breast tumor,Tumor,2
SRR17154576,Tumor Mycobiome,Breast tumor,Tumor,2
SRR17154577,Tumor Mycobiome,Breast tumor,Tumor,2
SRR17154581,Tumor Mycobiome,Breast tumor,Tumor,2
SRR17154582,Tumor Mycobiome,Breast tumor,Tumor,2
SRR17154583,Tumor Mycobiome,Breast tumor,Tumor,2
SRR17154584,Tumor Mycobiome,Breast tumor,Tumor,2
SRR17154585,Tumor Mycobiome,Breast tumor,Tumor,2
SRR17154586,Tumor Mycobiome,Breast tumor,Tumor,2
SRR17154607,Tumor Mycobiome,Breast tumor,Tumor,2
SRR17154608,Tumor Mycobiome,Breast tumor,Tumor,2
SRR17154610,Tumor Mycobiome,Breast tumor,Tumor,2
SRR17154611,Tumor Mycobiome,Breast NAT,NAT,2
SRR17154613,Tumor Mycobiome,Breast tumor,Tumor,2
SRR17154614,Tumor Mycobiome,Breast tumor,Tumor,2
SRR17154615,Tumor Mycobiome,Breast NAT,NAT,2
SRR17154616,Tumor Mycobiome,Breast tumor,Tumor,2
SRR17154617,Tumor Mycobiome,Breast NAT,NAT,2
SRR17154619,Tumor Mycobiome,Breast tumor,Tumor,2
SRR17154622,Tumor Mycobiome,Breast NAT,NAT,2
SRR17154623,Tumor Mycobiome,Breast NAT,NAT,2
SRR17154624,Tumor Mycobiome,Breast tumor,Tumor,2
SRR17154625,Tumor Mycobiome,Breast NAT,NAT,2
SRR17154627,Tumor Mycobiome,Breast tumor,Tumor,2
SRR17154628,Tumor Mycobiome,Breast NAT,NAT,2
SRR17154629,Tumor Mycobiome,Breast tumor,Tumor,2
SRR17154631,Tumor Mycobiome,Breast tumor,Tumor,2
SRR17154632,Tumor Mycobiome,Breast NAT,NAT,2
SRR17154633,Tumor Mycobiome,Breast tumor,Tumor,2
SRR17154634,Tumor Mycobiome,Breast NAT,NAT,2
SRR17154635,Tumor Mycobiome,Breast tumor,Tumor,2
SRR17154636,Tumor Mycobiome,Breast NAT,NAT,2
SRR17154637,Tumor Mycobiome,Breast NAT,NAT,2
SRR17154638,Tumor Mycobiome,Breast NAT,NAT,2
SRR17154665,Tumor Mycobiome,Breast tumor,Tumor,2
SRR17154671,Tumor Mycobiome,Breast NAT,NAT,2
SRR17154672,Tumor Mycobiome,Breast tumor,Tumor,2
SRR17154673,Tumor Mycobiome,Breast tumor,Tumor,2
SRR17154674,Tumor Mycobiome,Breast tumor,Tumor,2
SRR17154676,Tumor Mycobiome,Breast tumor,Tumor,2
SRR17154677,Tumor Mycobiome,Breast NAT,NAT,2
SRR17154679,Tumor Mycobiome,Breast NAT,NAT,2
SRR17154680,Tumor Mycobiome,Breast tumor,Tumor,2
SRR17154681,Tumor Mycobiome,Breast tumor,Tumor,2
SRR17154711,Tumor Mycobiome,Breast tumor,Tumor,2
SRR17154733,Tumor Mycobiome,Breast tumor,Tumor,2
SRR17154744,Tumor Mycobiome,Breast tumor,Tumor,2
SRR17154745,Tumor Mycobiome,Breast NAT,NAT,2
SRR17154746,Tumor Mycobiome,Breast tumor,Tumor,2
SRR17154747,Tumor Mycobiome,Breast NAT,NAT,2
SRR17154749,Tumor Mycobiome,Breast tumor,Tumor,2
SRR17154750,Tumor Mycobiome,Breast NAT,NAT,2
SRR17154751,Tumor Mycobiome,Breast tumor,Tumor,2
SRR17154752,Tumor Mycobiome,Breast NAT,NAT,2
SRR17154753,Tumor Mycobiome,Breast tumor,Tumor,2
SRR17154755,Tumor Mycobiome,Breast tumor,Tumor,2
SRR17154757,Tumor Mycobiome,Breast NAT,NAT,2
SRR17154758,Tumor Mycobiome,Breast tumor,Tumor,2
SRR17154760,Tumor Mycobiome,Breast tumor,Tumor,2
SRR17154761,Tumor Mycobiome,Breast tumor,Tumor,2
SRR17154763,Tumor Mycobiome,Breast NAT,NAT,2
SRR17154764,Tumor Mycobiome,Breast tumor,Tumor,2
SRR17154765,Tumor Mycobiome,Breast NAT,NAT,2
SRR17154766,Tumor Mycobiome,Breast NAT,NAT,2
SRR17154774,Tumor Mycobiome,Breast tumor,Tumor,2
SRR17154785,Tumor Mycobiome,Breast tumor,Tumor,2
SRR17154796,Tumor Mycobiome,Breast tumor,Tumor,2
SRR17154808,Tumor Mycobiome,Breast tumor,Tumor,2
SRR17154819,Tumor Mycobiome,Breast tumor,Tumor,2
SRR17154830,Tumor Mycobiome,Breast tumor,Tumor,2
SRR17154864,Tumor Mycobiome,Breast tumor,Tumor,2
SRR17154865,Tumor Mycobiome,Breast tumor,Tumor,2
SRR17154867,Tumor Mycobiome,Breast tumor,Tumor,2
SRR17154870,Tumor Mycobiome,Breast tumor,Tumor,2
SRR17154871,Tumor Mycobiome,Breast NAT,NAT,2
SRR17154872,Tumor Mycobiome,Breast tumor,Tumor,2
SRR17164426,Tumor Mycobiome,Breast NAT,NAT,2
SRR17164430,Tumor Mycobiome,Breast tumor,Tumor,2
SRR17164438,Tumor Mycobiome,Breast tumor,Tumor,2
SRR17164440,Tumor Mycobiome,Breast tumor,Tumor,2
SRR17164441,Tumor Mycobiome,Breast tumor,Tumor,2
SRR17164442,Tumor Mycobiome,Breast NAT,NAT,2
SRR17164483,Tumor Mycobiome,Breast NAT,NAT,2
SRR17164484,Tumor Mycobiome,Breast NAT,NAT,2
SRR17164485,Tumor Mycobiome,Breast NAT,NAT,2
SRR17164486,Tumor Mycobiome,Breast NAT,NAT,2
SRR17164487,Tumor Mycobiome,Breast NAT,NAT,2
SRR17164488,Tumor Mycobiome,Breast NAT,NAT,2
SRR17164489,Tumor Mycobiome,Breast tumor,Tumor,2
SRR17164490,Tumor Mycobiome,Breast tumor,Tumor,2
SRR17164491,Tumor Mycobiome,Breast tumor,Tumor,2
SRR17164494,Tumor Mycobiome,Breast tumor,Tumor,2
SRR17164495,Tumor Mycobiome,Breast tumor,Tumor,2
SRR17164496,Tumor Mycobiome,Breast tumor,Tumor,2
SRR17164497,Tumor Mycobiome,Breast tumor,Tumor,2
SRR17164498,Tumor Mycobiome,Breast NAT,NAT,2
SRR17164499,Tumor Mycobiome,Breast NAT,NAT,2
SRR17164500,Tumor Mycobiome,Breast NAT,NAT,2
SRR17164501,Tumor Mycobiome,Breast tumor,Tumor,2
SRR17164502,Tumor Mycobiome,Breast tumor,Tumor,2
SRR17164505,Tumor Mycobiome,Breast NAT,NAT,2
SRR17164506,Tumor Mycobiome,Breast NAT,NAT,2
SRR17164507,Tumor Mycobiome,Breast NAT,NAT,2
SRR17164508,Tumor Mycobiome,Breast NAT,NAT,2
SRR17164509,Tumor Mycobiome,Breast NAT,NAT,2
SRR17164510,Tumor Mycobiome,Breast NAT,NAT,2
SRR17164511,Tumor Mycobiome,Breast tumor,Tumor,2
SRR17164512,Tumor Mycobiome,Breast tumor,Tumor,2
SRR17164513,Tumor Mycobiome,Breast tumor,Tumor,2
SRR17164514,Tumor Mycobiome,Breast tumor,Tumor,2
SRR17164516,Tumor Mycobiome,Breast tumor,Tumor,2
SRR17164518,Tumor Mycobiome,Breast NAT,NAT,2
SRR17164519,Tumor Mycobiome,Breast NAT,NAT,2
SRR17164520,Tumor Mycobiome,Breast NAT,NAT,2
SRR17164521,Tumor Mycobiome,Breast tumor,Tumor,2
SRR17164522,Tumor Mycobiome,Breast tumor,Tumor,2
SRR17164523,Tumor Mycobiome,Breast tumor,Tumor,2
SRR17164524,Tumor Mycobiome,Breast tumor,Tumor,2
SRR17164525,Tumor Mycobiome,Breast tumor,Tumor,2
SRR17164527,Tumor Mycobiome,Breast tumor,Tumor,2
SRR17164528,Tumor Mycobiome,Breast tumor,Tumor,2
SRR17164529,Tumor Mycobiome,Breast tumor,Tumor,2
SRR17164531,Tumor Mycobiome,Breast tumor,Tumor,2
SRR17164532,Tumor Mycobiome,Breast NAT,NAT,2
SRR17164533,Tumor Mycobiome,Breast NAT,NAT,2
SRR17164534,Tumor Mycobiome,Breast NAT,NAT,2
SRR17164535,Tumor Mycobiome,Breast tumor,Tumor,2
SRR17164536,Tumor Mycobiome,Breast tumor,Tumor,2
SRR17164538,Tumor Mycobiome,Breast tumor,Tumor,2
SRR17164539,Tumor Mycobiome,Breast NAT,NAT,2
SRR17164540,Tumor Mycobiome,Breast tumor,Tumor,2
SRR17164541,Tumor Mycobiome,Breast NAT,NAT,2
SRR17164542,Tumor Mycobiome,Breast tumor,Tumor,2
SRR17164543,Tumor Mycobiome,Breast NAT,NAT,2
SRR17164545,Tumor Mycobiome,Breast tumor,Tumor,2
SRR17164546,Tumor Mycobiome,Breast NAT,NAT,2
SRR17164547,Tumor Mycobiome,Breast tumor,Tumor,2
SRR17164549,Tumor Mycobiome,Breast tumor,Tumor,2
SRR17164550,Tumor Mycobiome,Breast tumor,Tumor,2
SRR17164551,Tumor Mycobiome,Breast tumor,Tumor,2
SRR17164552,Tumor Mycobiome,Breast NAT,NAT,2
SRR17164553,Tumor Mycobiome,Breast NAT,NAT,2
SRR17164555,Tumor Mycobiome,Breast tumor,Tumor,2
SRR17164556,Tumor Mycobiome,Breast tumor,Tumor,2
SRR17164557,Tumor Mycobiome,Breast NAT,NAT,2
SRR17164582,Tumor Mycobiome,Breast NAT,NAT,2
SRR17164593,Tumor Mycobiome,Breast tumor,Tumor,2
SRR17164604,Tumor Mycobiome,Breast NAT,NAT,2
SRR17164615,Tumor Mycobiome,Breast tumor,Tumor,2
SRR17164626,Tumor Mycobiome,Breast tumor,Tumor,2
SRR17164669,Tumor Mycobiome,Breast NAT,NAT,2
SRR17164680,Tumor Mycobiome,Breast tumor,Tumor,2
SRR17164702,Tumor Mycobiome,Breast NAT,NAT,2
SRR17164713,Tumor Mycobiome,Breast NAT,NAT,2
SRR17164725,Tumor Mycobiome,Breast tumor,Tumor,2
SRR17164736,Tumor Mycobiome,Breast NAT,NAT,2
SRR17164747,Tumor Mycobiome,Breast tumor,Tumor,2
SRR17164832,Tumor Mycobiome,Breast tumor,Tumor,2
SRR17164833,Tumor Mycobiome,Breast tumor,Tumor,2
SRR17164840,Tumor Mycobiome,Breast tumor,Tumor,2
SRR17164841,Tumor Mycobiome,Breast tumor,Tumor,2
SRR17164842,Tumor Mycobiome,Breast tumor,Tumor,2
SRR17164844,Tumor Mycobiome,Breast tumor,Tumor,2
SRR17164867,Tumor Mycobiome,Breast NAT,NAT,2
SRR17164868,Tumor Mycobiome,Breast tumor,Tumor,2
SRR17164874,Tumor Mycobiome,Breast NAT,NAT,2
SRR17164875,Tumor Mycobiome,Breast tumor,Tumor,2
SRR17164876,Tumor Mycobiome,Breast NAT,NAT,2
SRR17164877,Tumor Mycobiome,Breast tumor,Tumor,2
SRR17164878,Tumor Mycobiome,Breast NAT,NAT,2
SRR17164879,Tumor Mycobiome,Breast tumor,Tumor,2
SRR17164880,Tumor Mycobiome,Breast NAT,NAT,2
SRR17164881,Tumor Mycobiome,Breast tumor,Tumor,2
SRR17164884,Tumor Mycobiome,Breast tumor,Tumor,2
SRR17164885,Tumor Mycobiome,Breast tumor,Tumor,2
SRR17164887,Tumor Mycobiome,Breast NAT,NAT,2
SRR17164888,Tumor Mycobiome,Breast tumor,Tumor,2
SRR17164889,Tumor Mycobiome,Breast NAT,NAT,2
SRR17164890,Tumor Mycobiome,Breast tumor,Tumor,2
SRR17164892,Tumor Mycobiome,Breast NAT,NAT,2
SRR17164899,Tumor Mycobiome,Breast NAT,NAT,2
SRR17164900,Tumor Mycobiome,Breast tumor,Tumor,2
SRR17164901,Tumor Mycobiome,Breast NAT,NAT,2
SRR17164902,Tumor Mycobiome,Breast tumor,Tumor,2
SRR17164903,Tumor Mycobiome,Breast NAT,NAT,2
SRR17164907,Tumor Mycobiome,Breast tumor,Tumor,2
SRR17164908,Tumor Mycobiome,Breast tumor,Tumor,2
SRR17164909,Tumor Mycobiome,Breast NAT,NAT,2
SRR17164910,Tumor Mycobiome,Breast tumor,Tumor,2
SRR17164911,Tumor Mycobiome,Breast tumor,Tumor,2
SRR17164912,Tumor Mycobiome,Breast NAT,NAT,2
SRR17164913,Tumor Mycobiome,Breast tumor,Tumor,2
SRR17164928,Tumor Mycobiome,Breast NAT,NAT,2
SRR17164929,Tumor Mycobiome,Breast tumor,Tumor,2
